[{
  "_id": {
    "$oid": "63151166dd73071146ae9db4"
  },
  "email": "user1@gmail.com",
  "fecha": {
    "$date": {
      "$numberLong": "0"
    }
  },
  "mensaje": "Hola mensaje1"
},{
  "_id": {
    "$oid": "63151166dd73071146ae9db5"
  },
  "email": "user2@gmail.com",
  "fecha": {
    "$date": {
      "$numberLong": "0"
    }
  },
  "mensaje": "Hola mensaje2"
},{
  "_id": {
    "$oid": "63151166dd73071146ae9db6"
  },
  "email": "user3@gmail.com",
  "fecha": {
    "$date": {
      "$numberLong": "0"
    }
  },
  "mensaje": "Hola mensaje3"
},{
  "_id": {
    "$oid": "63151166dd73071146ae9db7"
  },
  "email": "user4@gmail.com",
  "fecha": {
    "$date": {
      "$numberLong": "0"
    }
  },
  "mensaje": "Hola mensaje4"
},{
  "_id": {
    "$oid": "63151166dd73071146ae9db8"
  },
  "email": "user5@gmail.com",
  "fecha": {
    "$date": {
      "$numberLong": "0"
    }
  },
  "mensaje": "Hola mensaje5"
},{
  "_id": {
    "$oid": "63151166dd73071146ae9db9"
  },
  "email": "user6@gmail.com",
  "fecha": {
    "$date": {
      "$numberLong": "0"
    }
  },
  "mensaje": "Hola mensaje6"
},{
  "_id": {
    "$oid": "63151166dd73071146ae9dba"
  },
  "email": "user7@gmail.com",
  "fecha": {
    "$date": {
      "$numberLong": "0"
    }
  },
  "mensaje": "Hola mensaje7"
},{
  "_id": {
    "$oid": "63151166dd73071146ae9dbb"
  },
  "email": "user8@gmail.com",
  "fecha": {
    "$date": {
      "$numberLong": "0"
    }
  },
  "mensaje": "Hola mensaje8"
},{
  "_id": {
    "$oid": "63151166dd73071146ae9dbc"
  },
  "email": "user9@gmail.com",
  "fecha": {
    "$date": {
      "$numberLong": "0"
    }
  },
  "mensaje": "Hola mensaje9"
},{
  "_id": {
    "$oid": "63151166dd73071146ae9dbd"
  },
  "email": "user10@gmail.com",
  "fecha": {
    "$date": {
      "$numberLong": "0"
    }
  },
  "mensaje": "Hola mensaje10"
}]